{
    "properties": {
        "guid": {
            "a": 28481833984883595,
            "b": 2987830026
        },
        "m_finalized": true,
        "creationTime": 638220831742224994,
        "makerId": 76561199107580352,
        "name": "Formula TSU",
        "description": "Formula car with lots of speed, but, compared to the built-in cars, more realistic with less acceleration and turning speed.",
        "tags": {
            "style": 0,
            "speed": 2,
            "acceleration": 0,
            "turning": 2,
            "sliding": 0,
            "confirmTagsOk": true
        },
        "model": 8,
        "collisionShape": 0,
        "damage": {
            "maxHitPoints": 10000
        },
        "audio": {
            "engine": {
                "engine": 33,
                "pitch": 0.949999988079071,
                "channels": 0,
                "lowMax": 0.30000001192092898,
                "medMaxRel": 0.5,
                "highMax": 0.800000011920929,
                "medExtra": 0.20000000298023225,
                "gasSpeed": 5.0,
                "onlyGasOn": false,
                "gasOffPitch": 0.8999999761581421,
                "gasOffVolume": 0.75,
                "flyingPitch": 0.25
            },
            "gears": {
                "gearAudio": true,
                "shiftUp": 0.8999999761581421,
                "shiftDown": 0.800000011920929,
                "shiftDownIdle": 0.6000000238418579,
                "ratio1": 4.0,
                "ratio2": 2.5,
                "ratio3": 1.7999999523162842,
                "ratio4": 1.4249999523162842,
                "ratio5": 1.2000000476837159,
                "ratio6": 1.0499999523162842,
                "ratio7": 0.9599999785423279,
                "ratio8": 0.8999999761581421
            }
        },
        "special": {
            "camberAngleFront": 0.0,
            "camberAngleRear": 0.0
        },
        "physicsModel": 0
    },
    "carPhysics": {
        "weight": {
            "mass": 800.0,
            "massY": 0.0,
            "massZ": 0.0,
            "gravity": 20.0
        },
        "contact": {
            "bounciness": 0.25,
            "staticFriction": 0.25,
            "dynamicFriction": 0.25,
            "bounceCombine": 0,
            "frictionCombine": 0
        },
        "speed": {
            "baseAcceleration": 45.833335876464847,
            "baseAccelerationInverted": 0.02181818149983883,
            "maxSpeed": 330.0,
            "viscosity": 0.5,
            "acceleration": 0.4000000059604645,
            "reverseMultiplier": 0.33000001311302187,
            "flyingViscosity": 0.30000001192092898,
            "inverseMaxSpeed": 0.010909090749919415,
            "inverseMaxSpeedConsideringReversing": 0.010909090749919415
        },
        "braking": {
            "braking": 10.0,
            "inverseBrakingWeightTransferWithDownforce": 0.08332986384630203,
            "parkBraking": 20.0,
            "parkSpeed": 2.0,
            "complexLocking": true,
            "lockingStartTime": 0.75,
            "cooldownMultiplier": 2,
            "brakeLockingStartTimeInTickThirds": 112,
            "brakeCooldownThirdsInTick": 6,
            "brakeWarmingInThirdsPerBrakingThirdInTick": 3,
            "lockedBrakeMultiplier": 0.5,
            "lockedGripMultiplier": 0.5
        },
        "steering": {
            "grip": 30.0,
            "maxSteering": 150.0,
            "changeSpeed": 250.0,
            "changeReturnSpeed": 800.0,
            "neutralReturn": 0.4000000059604645,
            "changeReturnSpeedCounterSteering": 800.0,
            "changeReturnSpeedOnNeutral": 320.0,
            "limitingMode": 1,
            "flyingSteering": 50.0,
            "flyingChangeMult": 0.20000000298023225,
            "fullSteeringSpeed": 1.0,
            "reverseSteering": 0
        },
        "oversteering": {
            "always": 5.0,
            "sliding": 20.0,
            "braking": -2.0,
            "accelerating": 0.0
        },
        "sliding": {
            "slidingAngle": 8.0,
            "gradualRange": 5.0,
            "gradualGrip": true,
            "slideBraking": 10.0,
            "deprecatedSlideDeceleration": 0.0,
            "slideAcceleration": 1.0
        },
        "spring": {
            "maxLength": 0.18000000715255738,
            "maxAcceleration": 1.600000023841858,
            "damping": 0.3499999940395355,
            "backLength": 1.0,
            "backAcceleration": 1.0,
            "backDamping": 1.0
        },
        "downforce": {
            "downforce": 1.399999976158142,
            "springAffectsGrip": false,
            "springAffectsBraking": false,
            "maxSpringGs": 0.5,
            "maxAccSpringGs": 0.0
        },
        "weightTransfer": {
            "turning": 1.0,
            "braking": 2.0,
            "accelerating": 1.0,
            "viscosityReduction": 0.20000000298023225
        },
        "gears": {
            "gearCount": 1
        }
    }
}